order_id,customer_id,order_date,service_category,quantity,price,payment_method,city
5001,H343,17-07-2024,Lab Test,9,2816,Cash,Chennai
5002,H572,15-07-2024,Physiotherapy,10,1791,Cash,Kolkata
5003,H554,09-08-2024,General Consultation,4,2336,Net Banking,Mumbai
5004,H601,02-06-2024,Lab Test,7,2888,Cash,Hyderabad
5005,H442,23-03-2024,Health Checkup,10,1361,Net Banking,Mumbai
5006,H933,11-06-2024,Pharmacy,7,3919,Cash,Kolkata
5007,H557,24-08-2024,Physiotherapy,2,332,UPI,Pune
5008,H694,07-07-2024,Dental Care,1,323,Cash,Bengaluru
5009,H627,04-05-2024,Pharmacy,5,3571,Net Banking,Hyderabad
5010,H245,13-02-2024,Health Checkup,3,1387,Credit Card,Kolkata
5011,H979,05-05-2024,Health Checkup,8,548,Cash,Bengaluru
5012,H471,28-02-2024,Pharmacy,5,3330,Credit Card,Kolkata
5013,H879,21-05-2024,Lab Test,9,1922,Cash,Delhi
5014,H945,13-04-2024,Dental Care,9,2540,UPI,Kolkata
5015,H190,05-04-2024,Lab Test,8,2738,Debit Card,Kolkata
5016,H266,04-04-2024,Pharmacy,10,1635,Cash,Bengaluru
5017,H266,12-04-2024,General Consultation,2,4041,Credit Card,Hyderabad
5018,H634,21-01-2024,Pharmacy,5,4954,Credit Card,Pune
5019,H774,20-05-2024,Health Checkup,5,1086,Debit Card,Mumbai
5020,H402,20-02-2024,Pharmacy,3,1981,Credit Card,Bengaluru
5021,H355,27-04-2024,Lab Test,7,3940,Cash,Delhi
5022,H568,13-03-2024,Dental Care,5,2113,UPI,Bengaluru
5023,H673,20-08-2024,Pharmacy,9,1528,Debit Card,Bengaluru
5024,H210,04-01-2024,Dental Care,4,743,Credit Card,Pune
5025,H393,01-05-2024,Dental Care,9,2916,Net Banking,Delhi
5026,H502,21-08-2024,Lab Test,2,1274,Debit Card,Mumbai
5027,H474,08-04-2024,Physiotherapy,6,297,UPI,Chennai
5028,H182,24-03-2024,Health Checkup,5,1155,UPI,Bengaluru
5029,H105,02-02-2024,Dental Care,1,3292,Debit Card,Bengaluru
5030,H877,20-06-2024,Health Checkup,5,3119,UPI,Hyderabad
5031,H893,04-01-2024,Pharmacy,10,540,Net Banking,Bengaluru
5032,H756,26-06-2024,General Consultation,9,5000,UPI,Chennai
5033,H110,17-03-2024,Dental Care,5,1459,Cash,Hyderabad
5034,H477,09-05-2024,Health Checkup,3,2692,Cash,Pune
5035,H787,16-01-2024,Lab Test,8,1269,UPI,Mumbai
5036,H589,18-03-2024,General Consultation,10,2434,Credit Card,Delhi
5037,H991,28-06-2024,Lab Test,4,1178,Cash,Chennai
5038,H424,17-03-2024,Dental Care,3,3663,Debit Card,Bengaluru
5039,H531,27-08-2024,Health Checkup,3,4116,Net Banking,Pune
5040,H559,02-04-2024,General Consultation,2,761,Cash,Bengaluru
5041,H625,25-06-2024,Health Checkup,8,976,Cash,Mumbai
5042,H665,09-08-2024,Health Checkup,3,2668,Cash,Chennai
5043,H704,24-05-2024,Lab Test,3,2798,Debit Card,Hyderabad
5044,H447,02-02-2024,Physiotherapy,10,2880,Net Banking,Mumbai
5045,H627,22-06-2024,General Consultation,9,4717,Credit Card,Kolkata
5046,H419,07-05-2024,Physiotherapy,7,4323,Cash,Delhi
5047,H364,09-05-2024,Pharmacy,10,3810,Credit Card,Hyderabad
5048,H859,24-05-2024,Dental Care,7,2369,UPI,Pune
5049,H490,04-08-2024,Pharmacy,3,2345,Debit Card,Pune
5050,H473,07-07-2024,Lab Test,9,660,Debit Card,Bengaluru
5051,H395,06-04-2024,General Consultation,8,2624,Debit Card,Mumbai
5052,H892,25-01-2024,General Consultation,10,244,Net Banking,Mumbai
5053,H401,25-04-2024,Dental Care,2,2699,Debit Card,Hyderabad
5054,H446,25-07-2024,Physiotherapy,4,2302,Debit Card,Mumbai
5055,H445,29-06-2024,Dental Care,7,2415,Cash,Bengaluru
5056,H589,11-01-2024,Health Checkup,6,575,Cash,Mumbai
5057,H812,10-03-2024,Health Checkup,2,4797,UPI,Pune
5058,H241,21-08-2024,Pharmacy,1,2796,UPI,Mumbai
5059,H563,12-03-2024,Health Checkup,4,2514,UPI,Delhi
5060,H990,27-05-2024,Health Checkup,8,1147,UPI,Chennai
5061,H593,07-08-2024,Dental Care,5,2330,Cash,Pune
5062,H524,18-08-2024,Dental Care,8,3420,Cash,Hyderabad
5063,H698,24-03-2024,General Consultation,6,4291,Debit Card,Bengaluru
5064,H503,16-06-2024,Pharmacy,6,854,UPI,Bengaluru
5065,H987,25-06-2024,General Consultation,9,851,UPI,Hyderabad
5066,H828,28-08-2024,Pharmacy,5,3933,Debit Card,Chennai
5067,H379,27-05-2024,General Consultation,2,2846,Credit Card,Hyderabad
5068,H258,09-04-2024,Lab Test,8,3921,Credit Card,Kolkata
5069,H167,01-07-2024,Physiotherapy,3,3903,Cash,Chennai
5070,H206,13-05-2024,Lab Test,6,2346,Credit Card,Bengaluru
5071,H374,12-06-2024,Pharmacy,4,370,Net Banking,Delhi
5072,H789,28-06-2024,General Consultation,6,3957,Net Banking,Kolkata
5073,H216,20-03-2024,Lab Test,2,440,UPI,Pune
5074,H140,03-03-2024,Health Checkup,10,1587,UPI,Mumbai
5075,H949,11-02-2024,Physiotherapy,3,346,Credit Card,Bengaluru
5076,H161,05-04-2024,Physiotherapy,10,2586,Credit Card,Bengaluru
5077,H667,23-04-2024,Dental Care,4,2018,Cash,Mumbai
5078,H547,26-05-2024,Physiotherapy,10,4669,Cash,Kolkata
5079,H303,22-05-2024,Health Checkup,6,908,UPI,Delhi
5080,H219,12-03-2024,Health Checkup,8,2451,Net Banking,Bengaluru
5081,H483,21-05-2024,Health Checkup,5,530,Debit Card,Chennai
5082,H410,26-03-2024,Physiotherapy,4,2005,UPI,Mumbai
5083,H114,27-06-2024,Dental Care,1,1402,Debit Card,Hyderabad
5084,H709,19-06-2024,General Consultation,4,3913,Net Banking,Chennai
5085,H823,18-08-2024,Pharmacy,3,364,Net Banking,Mumbai
5086,H974,22-07-2024,Health Checkup,5,4006,Debit Card,Kolkata
5087,H910,07-06-2024,General Consultation,6,767,Debit Card,Delhi
5088,H120,10-02-2024,Pharmacy,1,228,UPI,Delhi
5089,H699,25-04-2024,Dental Care,2,1234,Net Banking,Bengaluru
5090,H668,25-01-2024,Lab Test,7,460,Cash,Pune
5091,H450,14-01-2024,Physiotherapy,2,1282,Net Banking,Mumbai
5092,H640,29-04-2024,Health Checkup,10,1852,UPI,Mumbai
5093,H268,25-07-2024,Health Checkup,5,1223,UPI,Delhi
5094,H555,14-02-2024,General Consultation,3,2073,Credit Card,Kolkata
5095,H794,10-01-2024,Dental Care,1,4201,Cash,Bengaluru
5096,H137,13-03-2024,Pharmacy,6,526,Credit Card,Hyderabad
5097,H219,02-07-2024,Dental Care,6,4326,Net Banking,Delhi
5098,H863,22-05-2024,Health Checkup,8,4276,Credit Card,Mumbai
5099,H329,31-05-2024,Health Checkup,2,2199,Cash,Mumbai
5100,H580,24-07-2024,Pharmacy,5,1320,Credit Card,Kolkata
5101,H698,22-08-2024,Dental Care,4,801,Net Banking,Chennai
5102,H296,20-04-2024,Pharmacy,8,1304,Net Banking,Bengaluru
5103,H811,01-02-2024,Pharmacy,1,2479,UPI,Mumbai
5104,H804,23-03-2024,Pharmacy,6,3684,Cash,Chennai
5105,H380,20-01-2024,General Consultation,3,1002,Credit Card,Mumbai
5106,H524,09-04-2024,Pharmacy,10,2098,Credit Card,Chennai
5107,H512,08-07-2024,Health Checkup,10,1970,Credit Card,Mumbai
5108,H515,02-04-2024,General Consultation,5,2596,Net Banking,Chennai
5109,H816,26-07-2024,Pharmacy,4,2774,Debit Card,Chennai
5110,H145,10-05-2024,Dental Care,7,2663,Cash,Pune
5111,H961,19-06-2024,Dental Care,4,4215,Debit Card,Mumbai
5112,H154,17-04-2024,Physiotherapy,8,3406,Cash,Bengaluru
5113,H549,20-07-2024,General Consultation,6,1642,Net Banking,Chennai
5114,H941,04-04-2024,Health Checkup,1,4520,UPI,Delhi
5115,H471,31-05-2024,Physiotherapy,2,1973,Credit Card,Delhi
5116,H678,11-06-2024,Lab Test,6,4426,UPI,Mumbai
5117,H313,02-05-2024,General Consultation,2,2873,UPI,Kolkata
5118,H635,16-06-2024,Lab Test,9,420,UPI,Delhi
5119,H727,08-05-2024,Pharmacy,10,4587,Credit Card,Chennai
5120,H927,17-06-2024,Lab Test,7,1825,Net Banking,Chennai
5121,H165,11-06-2024,Health Checkup,7,3913,Net Banking,Chennai
5122,H310,04-02-2024,General Consultation,4,2891,Cash,Delhi
5123,H829,15-04-2024,General Consultation,8,3933,Cash,Mumbai
5124,H589,04-06-2024,Pharmacy,5,1645,UPI,Mumbai
5125,H315,20-05-2024,Lab Test,4,3216,UPI,Bengaluru
5126,H819,10-08-2024,Pharmacy,4,459,UPI,Delhi
5127,H538,05-08-2024,Physiotherapy,8,1754,UPI,Kolkata
5128,H943,05-04-2024,Health Checkup,9,3771,Credit Card,Pune
5129,H908,21-02-2024,Physiotherapy,6,3169,Credit Card,Delhi
5130,H848,19-03-2024,Physiotherapy,1,4615,Debit Card,Chennai
5131,H600,05-05-2024,Health Checkup,3,1106,Debit Card,Kolkata
5132,H541,12-06-2024,Pharmacy,6,710,Cash,Mumbai
5133,H291,21-01-2024,Pharmacy,2,808,Debit Card,Kolkata
5134,H695,14-05-2024,Pharmacy,6,3734,Credit Card,Chennai
5135,H538,28-04-2024,General Consultation,5,4065,Net Banking,Mumbai
5136,H265,03-06-2024,Lab Test,2,1122,Debit Card,Kolkata
5137,H423,07-03-2024,Pharmacy,7,1811,Cash,Delhi
5138,H168,23-02-2024,Pharmacy,7,3297,Debit Card,Chennai
5139,H557,18-05-2024,Lab Test,7,4019,Net Banking,Kolkata
5140,H841,08-04-2024,Dental Care,6,1027,Net Banking,Hyderabad
5141,H587,01-01-2024,Lab Test,8,2526,Credit Card,Kolkata
5142,H489,30-06-2024,Dental Care,2,2509,UPI,Kolkata
5143,H750,28-05-2024,Lab Test,6,2087,Cash,Pune
5144,H993,03-02-2024,Lab Test,4,537,Cash,Bengaluru
5145,H802,25-08-2024,General Consultation,4,4589,Cash,Pune
5146,H815,09-08-2024,Health Checkup,8,2261,Credit Card,Hyderabad
5147,H726,21-05-2024,Lab Test,6,1781,Net Banking,Delhi
5148,H185,06-06-2024,Physiotherapy,6,2614,Credit Card,Mumbai
5149,H263,12-01-2024,Health Checkup,8,4442,UPI,Bengaluru
5150,H439,20-02-2024,General Consultation,5,4384,Debit Card,Chennai
5151,H310,08-05-2024,Health Checkup,1,3399,Cash,Delhi
5152,H597,27-07-2024,Dental Care,9,4233,Net Banking,Kolkata
5153,H764,22-08-2024,Physiotherapy,10,826,Net Banking,Mumbai
5154,H774,17-07-2024,Physiotherapy,9,648,UPI,Hyderabad
5155,H747,11-02-2024,Pharmacy,8,4488,Cash,Chennai
5156,H442,14-03-2024,Lab Test,4,1234,Debit Card,Delhi
5157,H602,24-04-2024,General Consultation,7,4322,Cash,Kolkata
5158,H490,24-05-2024,Health Checkup,4,4423,Credit Card,Hyderabad
5159,H150,02-03-2024,Dental Care,8,3832,Cash,Hyderabad
5160,H588,28-02-2024,Health Checkup,4,1901,Cash,Pune
5161,H596,28-04-2024,Physiotherapy,6,2433,Debit Card,Chennai
5162,H889,27-05-2024,Health Checkup,9,699,Net Banking,Kolkata
5163,H581,05-02-2024,Health Checkup,5,4322,Credit Card,Pune
5164,H855,20-04-2024,Pharmacy,7,1513,Debit Card,Hyderabad
5165,H142,18-08-2024,Pharmacy,8,4787,Net Banking,Pune
5166,H946,25-06-2024,Dental Care,7,2651,Cash,Hyderabad
5167,H493,01-04-2024,Pharmacy,2,3505,UPI,Hyderabad
5168,H302,26-04-2024,Health Checkup,2,964,Credit Card,Chennai
5169,H900,25-02-2024,General Consultation,2,2845,Net Banking,Kolkata
5170,H899,02-02-2024,Physiotherapy,9,667,Net Banking,Bengaluru
5171,H308,12-01-2024,General Consultation,9,967,UPI,Bengaluru
5172,H376,13-07-2024,Pharmacy,3,1118,Credit Card,Bengaluru
5173,H465,13-02-2024,Pharmacy,8,1132,Net Banking,Mumbai
5174,H154,11-05-2024,Physiotherapy,8,560,Cash,Bengaluru
5175,H161,29-08-2024,Physiotherapy,6,2185,Debit Card,Mumbai
5176,H444,27-03-2024,General Consultation,3,4064,Cash,Bengaluru
5177,H357,15-06-2024,Health Checkup,5,3957,Credit Card,Chennai
5178,H100,15-02-2024,Health Checkup,9,611,Cash,Kolkata
5179,H228,07-02-2024,Pharmacy,9,4251,Credit Card,Delhi
5180,H132,05-03-2024,General Consultation,2,2118,UPI,Bengaluru
5181,H157,22-04-2024,General Consultation,5,1480,Net Banking,Mumbai
5182,H657,24-01-2024,Health Checkup,1,2659,Debit Card,Kolkata
5183,H827,23-01-2024,Physiotherapy,5,4443,Net Banking,Pune
5184,H223,20-06-2024,Pharmacy,4,3850,Net Banking,Hyderabad
5185,H425,12-04-2024,Physiotherapy,10,2023,Debit Card,Pune
5186,H406,11-04-2024,Health Checkup,4,1393,Debit Card,Mumbai
5187,H196,04-03-2024,General Consultation,10,1170,Debit Card,Pune
5188,H741,13-05-2024,Dental Care,10,1406,Net Banking,Hyderabad
5189,H618,27-07-2024,Physiotherapy,1,2532,Debit Card,Chennai
5190,H989,10-01-2024,Health Checkup,7,2640,Cash,Chennai
5191,H539,08-04-2024,Physiotherapy,5,4415,Credit Card,Bengaluru
5192,H841,17-03-2024,General Consultation,2,2606,Cash,Chennai
5193,H724,24-08-2024,General Consultation,10,1327,Cash,Kolkata
5194,H737,18-05-2024,Pharmacy,8,2171,Debit Card,Bengaluru
5195,H571,18-03-2024,Health Checkup,8,4823,Net Banking,Delhi
5196,H361,15-06-2024,Pharmacy,7,4606,Net Banking,Pune
5197,H865,18-03-2024,Pharmacy,1,4392,Cash,Chennai
5198,H161,19-07-2024,Lab Test,3,2668,Net Banking,Pune
5199,H424,16-03-2024,Pharmacy,9,1652,Credit Card,Hyderabad
5200,H308,16-01-2024,Lab Test,9,2737,Credit Card,Hyderabad
5201,H412,20-04-2024,Physiotherapy,4,1305,Net Banking,Delhi
5202,H646,03-01-2024,General Consultation,7,1850,Net Banking,Kolkata
5203,H919,24-08-2024,Pharmacy,9,4818,UPI,Chennai
5204,H766,28-05-2024,Pharmacy,10,3817,Cash,Chennai
5205,H930,22-06-2024,Lab Test,7,4332,Debit Card,Delhi
5206,H309,03-07-2024,General Consultation,4,4406,Cash,Bengaluru
5207,H662,12-03-2024,Pharmacy,2,484,Cash,Pune
5208,H866,04-01-2024,Dental Care,7,447,UPI,Pune
5209,H923,04-02-2024,Pharmacy,5,471,Net Banking,Kolkata
5210,H672,14-08-2024,Lab Test,3,4035,Credit Card,Delhi
5211,H158,22-08-2024,Health Checkup,9,4339,Debit Card,Bengaluru
5212,H893,31-07-2024,General Consultation,3,4896,Cash,Mumbai
5213,H564,24-06-2024,General Consultation,7,4457,UPI,Mumbai
5214,H800,29-04-2024,Lab Test,6,1309,Cash,Hyderabad
5215,H829,05-03-2024,Lab Test,2,632,Credit Card,Hyderabad
5216,H787,06-03-2024,Physiotherapy,2,522,Credit Card,Hyderabad
5217,H719,07-02-2024,Health Checkup,1,2916,UPI,Pune
5218,H236,15-05-2024,Physiotherapy,6,986,UPI,Pune
5219,H233,10-06-2024,Dental Care,6,2891,Net Banking,Pune
5220,H352,21-02-2024,Lab Test,5,2101,UPI,Pune
5221,H975,22-01-2024,Dental Care,9,4717,UPI,Mumbai
5222,H413,05-01-2024,Lab Test,3,1510,UPI,Pune
5223,H313,27-01-2024,Health Checkup,1,639,Cash,Chennai
5224,H888,26-05-2024,Physiotherapy,2,3427,Cash,Chennai
5225,H262,13-04-2024,Pharmacy,10,3517,Credit Card,Pune
5226,H447,16-02-2024,Physiotherapy,2,2646,Net Banking,Hyderabad
5227,H643,06-02-2024,General Consultation,8,3608,Credit Card,Pune
5228,H989,25-08-2024,Dental Care,7,732,Cash,Kolkata
5229,H755,18-03-2024,Physiotherapy,7,1247,Debit Card,Pune
5230,H219,11-04-2024,General Consultation,5,2437,Credit Card,Chennai
5231,H417,26-03-2024,Dental Care,9,3493,Net Banking,Bengaluru
5232,H751,29-06-2024,General Consultation,2,3943,Cash,Pune
5233,H507,15-06-2024,Dental Care,9,2529,Debit Card,Kolkata
5234,H560,29-08-2024,Pharmacy,7,4929,UPI,Hyderabad
5235,H864,14-05-2024,General Consultation,6,1803,Net Banking,Mumbai
5236,H399,14-06-2024,Lab Test,5,3347,Net Banking,Hyderabad
5237,H259,16-07-2024,Dental Care,3,1498,Credit Card,Bengaluru
5238,H924,14-05-2024,Lab Test,10,4294,Cash,Mumbai
5239,H248,08-05-2024,Dental Care,10,3330,Credit Card,Chennai
5240,H276,11-04-2024,Physiotherapy,6,1474,Debit Card,Mumbai
5241,H895,14-01-2024,Pharmacy,8,4249,Net Banking,Chennai
5242,H283,02-05-2024,Pharmacy,7,2621,UPI,Hyderabad
5243,H146,29-03-2024,General Consultation,6,4717,UPI,Chennai
5244,H709,30-06-2024,Health Checkup,5,3643,Net Banking,Delhi
5245,H308,21-03-2024,General Consultation,8,1116,Debit Card,Bengaluru
5246,H908,01-02-2024,Health Checkup,6,2695,UPI,Kolkata
5247,H218,01-02-2024,General Consultation,6,2499,Net Banking,Hyderabad
5248,H182,17-05-2024,Physiotherapy,9,2012,Cash,Hyderabad
5249,H937,05-03-2024,Physiotherapy,8,4424,Debit Card,Hyderabad
5250,H437,19-04-2024,Pharmacy,8,712,Debit Card,Chennai
5251,H695,24-06-2024,Dental Care,2,3198,Cash,Chennai
5252,H792,29-07-2024,Lab Test,9,4398,Cash,Hyderabad
5253,H451,30-06-2024,Physiotherapy,7,418,Net Banking,Mumbai
5254,H587,14-07-2024,Health Checkup,5,3679,UPI,Bengaluru
5255,H903,20-05-2024,Pharmacy,4,2368,Debit Card,Pune
5256,H581,08-07-2024,Lab Test,9,468,Debit Card,Mumbai
5257,H214,20-01-2024,General Consultation,1,347,Credit Card,Pune
5258,H927,20-01-2024,Physiotherapy,3,977,Net Banking,Chennai
5259,H179,09-08-2024,Pharmacy,4,2627,Credit Card,Kolkata
5260,H105,22-08-2024,General Consultation,10,3228,Net Banking,Mumbai
5261,H528,12-04-2024,Physiotherapy,1,2982,UPI,Delhi
5262,H239,05-01-2024,Dental Care,6,3607,Debit Card,Kolkata
5263,H654,31-07-2024,General Consultation,9,3437,Credit Card,Bengaluru
5264,H529,22-05-2024,Pharmacy,6,1792,Cash,Pune
5265,H397,28-01-2024,Physiotherapy,3,2878,UPI,Hyderabad
5266,H918,01-07-2024,Lab Test,10,3408,Cash,Kolkata
5267,H597,06-03-2024,Dental Care,10,2841,Debit Card,Bengaluru
5268,H293,15-06-2024,Physiotherapy,9,1681,Credit Card,Kolkata
5269,H806,22-05-2024,General Consultation,8,2235,Cash,Mumbai
5270,H893,25-02-2024,Health Checkup,2,882,UPI,Pune
5271,H534,24-03-2024,Pharmacy,8,4297,Net Banking,Kolkata
5272,H576,14-08-2024,Lab Test,5,4467,Debit Card,Chennai
5273,H255,10-05-2024,Pharmacy,10,1097,UPI,Hyderabad
5274,H705,30-08-2024,General Consultation,3,2179,UPI,Hyderabad
5275,H276,10-01-2024,Health Checkup,8,3950,Cash,Hyderabad
5276,H509,18-08-2024,Health Checkup,1,3776,Net Banking,Hyderabad
5277,H650,29-08-2024,Lab Test,6,3443,Credit Card,Pune
5278,H270,14-06-2024,Dental Care,9,1197,Credit Card,Chennai
5279,H396,13-07-2024,Lab Test,7,4689,UPI,Pune
5280,H581,30-07-2024,Pharmacy,10,328,Debit Card,Bengaluru
5281,H876,03-03-2024,Pharmacy,10,1097,Credit Card,Pune
5282,H833,20-04-2024,Health Checkup,5,885,Net Banking,Delhi
5283,H116,27-07-2024,Lab Test,6,2666,Cash,Bengaluru
5284,H667,04-03-2024,Health Checkup,8,2046,Debit Card,Chennai
5285,H392,11-08-2024,General Consultation,5,2505,Credit Card,Mumbai
5286,H186,06-02-2024,Lab Test,3,547,UPI,Chennai
5287,H550,10-01-2024,Lab Test,1,2580,UPI,Bengaluru
5288,H778,11-05-2024,Health Checkup,3,4180,Net Banking,Delhi
5289,H352,28-03-2024,General Consultation,5,2969,Net Banking,Pune
5290,H601,14-07-2024,Physiotherapy,6,1553,UPI,Hyderabad
5291,H607,14-02-2024,General Consultation,3,4625,Net Banking,Mumbai
5292,H591,02-08-2024,Health Checkup,10,2897,Net Banking,Delhi
5293,H359,06-04-2024,Physiotherapy,9,4818,UPI,Chennai
5294,H921,07-08-2024,General Consultation,10,2734,UPI,Mumbai
5295,H545,31-05-2024,Lab Test,8,1474,UPI,Kolkata
5296,H819,21-07-2024,Pharmacy,10,3859,UPI,Pune
5297,H642,07-06-2024,Dental Care,8,3054,Debit Card,Pune
5298,H206,30-05-2024,General Consultation,5,2356,UPI,Hyderabad
5299,H430,26-02-2024,Pharmacy,7,2829,Cash,Bengaluru
5300,H351,02-05-2024,Pharmacy,1,266,UPI,Hyderabad
5301,H676,27-03-2024,Pharmacy,7,3056,Credit Card,Chennai
5302,H235,08-02-2024,Lab Test,4,3437,Net Banking,Pune
5303,H432,07-08-2024,General Consultation,10,277,Credit Card,Kolkata
5304,H247,19-05-2024,General Consultation,4,2296,Net Banking,Chennai
5305,H886,31-03-2024,General Consultation,10,4226,Debit Card,Delhi
5306,H571,27-02-2024,Health Checkup,8,4488,UPI,Delhi
5307,H123,21-07-2024,Health Checkup,6,338,Debit Card,Chennai
5308,H975,04-01-2024,Lab Test,1,3566,Net Banking,Bengaluru
5309,H298,03-01-2024,Pharmacy,6,952,Credit Card,Hyderabad
5310,H195,25-06-2024,Lab Test,10,1157,UPI,Delhi
5311,H303,26-08-2024,Health Checkup,10,4376,Cash,Delhi
5312,H505,26-06-2024,Physiotherapy,4,4591,UPI,Chennai
5313,H758,05-07-2024,Lab Test,2,4671,Net Banking,Chennai
5314,H254,01-05-2024,Lab Test,1,2678,Net Banking,Mumbai
5315,H813,07-07-2024,General Consultation,3,4186,UPI,Delhi
5316,H187,13-05-2024,Health Checkup,1,3577,Cash,Delhi
5317,H548,02-04-2024,Health Checkup,1,738,UPI,Delhi
5318,H559,27-08-2024,General Consultation,5,4551,Net Banking,Hyderabad
5319,H363,14-05-2024,Dental Care,3,4551,Credit Card,Delhi
5320,H684,15-05-2024,Physiotherapy,9,3340,Debit Card,Mumbai
5321,H379,07-03-2024,Pharmacy,6,4948,UPI,Kolkata
5322,H888,11-07-2024,Pharmacy,4,3160,Debit Card,Pune
5323,H582,07-05-2024,Lab Test,8,3192,Net Banking,Hyderabad
5324,H220,04-03-2024,Pharmacy,3,1946,Cash,Delhi
5325,H328,18-01-2024,Lab Test,2,3788,Debit Card,Delhi
5326,H602,10-01-2024,General Consultation,6,895,UPI,Delhi
5327,H295,10-06-2024,Lab Test,6,1056,Debit Card,Mumbai
5328,H440,19-03-2024,Pharmacy,2,4147,Credit Card,Hyderabad
5329,H866,30-03-2024,Pharmacy,8,3280,Debit Card,Delhi
5330,H857,26-05-2024,General Consultation,3,2642,Debit Card,Chennai
5331,H796,28-07-2024,Pharmacy,3,4692,Debit Card,Delhi
5332,H547,31-08-2024,General Consultation,9,4361,Credit Card,Kolkata
5333,H598,29-06-2024,Physiotherapy,6,3699,Debit Card,Delhi
5334,H541,26-04-2024,Pharmacy,9,2249,Credit Card,Pune
5335,H855,02-05-2024,General Consultation,8,2527,Debit Card,Kolkata
5336,H234,12-02-2024,Pharmacy,7,4924,UPI,Hyderabad
5337,H863,13-02-2024,Pharmacy,4,544,Cash,Pune
5338,H323,27-04-2024,Lab Test,8,1042,Credit Card,Mumbai
5339,H441,27-07-2024,Health Checkup,7,3402,Credit Card,Delhi
5340,H922,18-01-2024,Physiotherapy,1,2386,Credit Card,Hyderabad
5341,H889,08-03-2024,Pharmacy,6,1620,Cash,Kolkata
5342,H775,02-03-2024,Dental Care,8,2138,Debit Card,Kolkata
5343,H409,06-01-2024,Physiotherapy,8,1837,Credit Card,Delhi
5344,H467,24-03-2024,Dental Care,6,903,UPI,Kolkata
5345,H387,16-08-2024,Dental Care,9,3846,Debit Card,Hyderabad
5346,H282,31-07-2024,Dental Care,8,4313,UPI,Chennai
5347,H319,20-03-2024,Physiotherapy,1,1333,Debit Card,Pune
5348,H791,27-01-2024,Pharmacy,2,779,Cash,Pune
5349,H173,03-02-2024,Health Checkup,2,3964,Net Banking,Kolkata
5350,H830,20-01-2024,Physiotherapy,10,4687,Credit Card,Mumbai
5351,H364,03-06-2024,Physiotherapy,7,1733,Net Banking,Chennai
5352,H830,27-08-2024,Pharmacy,2,2980,Debit Card,Hyderabad
5353,H960,20-07-2024,Health Checkup,7,3204,UPI,Delhi
5354,H422,09-08-2024,Health Checkup,7,4792,Debit Card,Chennai
5355,H347,05-04-2024,Health Checkup,1,2099,Net Banking,Hyderabad
5356,H833,29-02-2024,General Consultation,2,1228,Credit Card,Pune
5357,H807,22-05-2024,Physiotherapy,5,1326,Credit Card,Delhi
5358,H538,13-08-2024,Pharmacy,8,4265,UPI,Chennai
5359,H138,09-07-2024,Lab Test,2,746,Credit Card,Mumbai
5360,H167,11-01-2024,General Consultation,5,200,Debit Card,Pune
5361,H961,02-07-2024,Physiotherapy,10,1410,Credit Card,Delhi
5362,H901,19-03-2024,Pharmacy,4,2091,UPI,Bengaluru
5363,H491,16-02-2024,Dental Care,8,4461,UPI,Bengaluru
5364,H624,12-01-2024,Dental Care,9,2113,Debit Card,Delhi
5365,H312,23-04-2024,Health Checkup,1,1782,UPI,Hyderabad
5366,H708,29-01-2024,Pharmacy,3,3317,Net Banking,Chennai
5367,H339,24-05-2024,Physiotherapy,5,2232,UPI,Delhi
5368,H479,22-02-2024,Dental Care,6,3372,Debit Card,Delhi
5369,H133,08-01-2024,General Consultation,6,3550,Debit Card,Kolkata
5370,H938,23-01-2024,Pharmacy,10,3152,Credit Card,Pune
5371,H904,24-02-2024,Pharmacy,5,1299,Net Banking,Chennai
5372,H647,11-03-2024,Physiotherapy,5,527,Credit Card,Delhi
5373,H702,19-06-2024,Pharmacy,5,4248,Debit Card,Pune
5374,H681,29-03-2024,Physiotherapy,5,2377,Debit Card,Hyderabad
5375,H737,12-02-2024,Pharmacy,6,656,Net Banking,Hyderabad
5376,H946,28-03-2024,General Consultation,5,1878,Cash,Bengaluru
5377,H953,17-02-2024,Physiotherapy,4,1137,Net Banking,Mumbai
5378,H406,13-05-2024,Pharmacy,3,4876,Net Banking,Pune
5379,H753,29-08-2024,Health Checkup,2,2501,UPI,Bengaluru
5380,H622,06-03-2024,Dental Care,8,906,Debit Card,Mumbai
5381,H809,18-02-2024,General Consultation,1,3928,UPI,Chennai
5382,H551,02-01-2024,Dental Care,7,3425,Net Banking,Hyderabad
5383,H696,04-06-2024,Pharmacy,3,1414,UPI,Delhi
5384,H767,16-04-2024,Dental Care,8,3731,Credit Card,Pune
5385,H564,26-01-2024,Pharmacy,4,399,UPI,Pune
5386,H387,08-01-2024,Pharmacy,10,4686,Net Banking,Delhi
5387,H684,26-08-2024,Health Checkup,8,1918,Debit Card,Delhi
5388,H563,16-05-2024,Physiotherapy,4,456,Credit Card,Chennai
5389,H773,20-01-2024,Health Checkup,10,2456,Credit Card,Bengaluru
5390,H620,26-02-2024,Lab Test,10,2322,Net Banking,Delhi
5391,H459,26-08-2024,Health Checkup,7,513,Cash,Pune
5392,H308,14-05-2024,Lab Test,9,3877,Net Banking,Delhi
5393,H529,17-02-2024,Physiotherapy,9,4896,UPI,Mumbai
5394,H938,20-01-2024,Pharmacy,5,1402,Debit Card,Chennai
5395,H452,20-04-2024,Physiotherapy,8,4396,Debit Card,Hyderabad
5396,H389,14-04-2024,Physiotherapy,5,1898,Debit Card,Mumbai
5397,H156,21-08-2024,Health Checkup,10,630,Debit Card,Chennai
5398,H841,05-08-2024,Pharmacy,10,3088,Debit Card,Bengaluru
5399,H441,07-08-2024,General Consultation,5,2727,Cash,Hyderabad
5400,H554,30-04-2024,Lab Test,9,4608,Cash,Kolkata
5401,H104,08-05-2024,Pharmacy,10,4221,Debit Card,Delhi
5402,H561,07-03-2024,Pharmacy,4,4190,Debit Card,Delhi
5403,H240,09-06-2024,Lab Test,6,4003,Cash,Hyderabad
5404,H247,17-06-2024,Pharmacy,8,4630,Net Banking,Mumbai
5405,H768,06-07-2024,Lab Test,7,2987,Debit Card,Mumbai
5406,H359,12-06-2024,Dental Care,9,1152,Credit Card,Mumbai
5407,H597,30-06-2024,General Consultation,5,2804,Debit Card,Hyderabad
5408,H987,24-03-2024,Physiotherapy,2,4113,Net Banking,Bengaluru
5409,H193,28-03-2024,Pharmacy,2,1961,Cash,Hyderabad
5410,H298,01-03-2024,General Consultation,3,1448,Credit Card,Delhi
5411,H590,21-02-2024,Pharmacy,4,3168,Net Banking,Hyderabad
5412,H450,08-05-2024,Physiotherapy,8,3848,Net Banking,Kolkata
5413,H614,16-08-2024,Physiotherapy,1,1191,Debit Card,Pune
5414,H835,10-01-2024,Lab Test,1,1594,Credit Card,Delhi
5415,H839,30-08-2024,General Consultation,8,4274,Credit Card,Mumbai
5416,H781,25-03-2024,Dental Care,1,4237,Credit Card,Mumbai
5417,H378,11-04-2024,Health Checkup,10,3079,Debit Card,Bengaluru
5418,H532,23-03-2024,General Consultation,1,3646,UPI,Mumbai
5419,H714,11-08-2024,Lab Test,1,3358,UPI,Mumbai
5420,H161,31-03-2024,Dental Care,8,4241,Net Banking,Chennai
5421,H505,09-03-2024,Pharmacy,10,1256,Credit Card,Delhi
5422,H867,28-08-2024,Health Checkup,7,2759,Debit Card,Mumbai
5423,H708,14-04-2024,General Consultation,9,3593,Credit Card,Pune
5424,H220,22-06-2024,General Consultation,3,943,Cash,Mumbai
5425,H851,24-08-2024,Health Checkup,6,1931,Debit Card,Pune
5426,H559,27-06-2024,General Consultation,3,4499,UPI,Pune
5427,H766,10-04-2024,Physiotherapy,7,3211,Credit Card,Hyderabad
5428,H624,10-04-2024,Dental Care,2,4136,Net Banking,Kolkata
5429,H885,31-03-2024,Lab Test,2,4324,Net Banking,Delhi
5430,H148,15-06-2024,Physiotherapy,4,2654,Cash,Delhi
5431,H668,29-08-2024,Dental Care,5,526,Debit Card,Kolkata
5432,H649,20-08-2024,Pharmacy,3,3911,Credit Card,Kolkata
5433,H588,27-07-2024,General Consultation,9,4668,Net Banking,Mumbai
5434,H266,14-08-2024,General Consultation,9,1168,Credit Card,Delhi
5435,H972,09-01-2024,Physiotherapy,6,4296,UPI,Chennai
5436,H244,28-06-2024,Pharmacy,2,858,Debit Card,Pune
5437,H326,06-07-2024,Lab Test,5,975,Credit Card,Chennai
5438,H300,22-05-2024,Lab Test,6,3684,Net Banking,Mumbai
5439,H382,13-02-2024,General Consultation,6,3743,Cash,Pune
5440,H597,05-03-2024,General Consultation,3,897,Cash,Hyderabad
5441,H592,16-01-2024,Physiotherapy,3,2679,Credit Card,Pune
5442,H161,07-03-2024,General Consultation,5,811,UPI,Pune
5443,H727,16-05-2024,Health Checkup,10,3986,Debit Card,Bengaluru
5444,H449,01-09-2024,Dental Care,2,4767,UPI,Bengaluru
5445,H425,23-04-2024,General Consultation,3,1693,Cash,Bengaluru
5446,H187,12-01-2024,Pharmacy,5,3849,Credit Card,Hyderabad
5447,H287,14-02-2024,Dental Care,2,1930,Debit Card,Kolkata
5448,H351,14-03-2024,Dental Care,6,4588,Net Banking,Kolkata
5449,H967,29-05-2024,Lab Test,1,1956,Credit Card,Pune
5450,H733,14-04-2024,Dental Care,1,1386,Net Banking,Kolkata
5451,H219,20-05-2024,General Consultation,10,2038,Debit Card,Delhi
5452,H412,11-08-2024,Pharmacy,8,2716,Cash,Mumbai
5453,H374,04-04-2024,Lab Test,10,2349,Net Banking,Kolkata
5454,H645,19-06-2024,Pharmacy,1,1093,Net Banking,Chennai
5455,H994,29-01-2024,General Consultation,1,3028,Cash,Delhi
5456,H949,21-06-2024,General Consultation,1,3638,Cash,Bengaluru
5457,H663,30-08-2024,Health Checkup,2,688,Net Banking,Mumbai
5458,H130,14-08-2024,Pharmacy,10,3660,UPI,Mumbai
5459,H777,02-01-2024,Physiotherapy,7,2520,UPI,Pune
5460,H550,22-06-2024,General Consultation,9,3982,UPI,Pune
5461,H279,28-08-2024,General Consultation,2,1343,Debit Card,Kolkata
5462,H744,03-06-2024,Health Checkup,8,1999,Net Banking,Delhi
5463,H429,01-06-2024,Pharmacy,4,2973,Credit Card,Delhi
5464,H898,26-03-2024,Dental Care,8,474,Cash,Hyderabad
5465,H292,31-01-2024,Lab Test,4,2332,UPI,Pune
5466,H852,29-02-2024,Pharmacy,3,4229,UPI,Chennai
5467,H265,01-06-2024,Physiotherapy,3,4867,UPI,Chennai
5468,H192,23-01-2024,Physiotherapy,5,3930,Net Banking,Hyderabad
5469,H217,28-08-2024,Pharmacy,6,1581,Net Banking,Bengaluru
5470,H588,08-05-2024,General Consultation,2,4830,Debit Card,Delhi
5471,H876,29-07-2024,Dental Care,9,347,Credit Card,Hyderabad
5472,H532,07-07-2024,Dental Care,7,4893,Net Banking,Chennai
5473,H128,24-08-2024,Physiotherapy,7,4379,Debit Card,Chennai
5474,H167,26-06-2024,Dental Care,10,4008,Debit Card,Delhi
5475,H137,04-04-2024,Pharmacy,10,2733,Cash,Hyderabad
5476,H488,18-02-2024,Health Checkup,6,3353,Cash,Mumbai
5477,H234,09-05-2024,Physiotherapy,2,3479,UPI,Bengaluru
5478,H154,06-01-2024,Lab Test,7,1101,Net Banking,Mumbai
5479,H595,19-04-2024,Health Checkup,6,316,Cash,Mumbai
5480,H275,15-07-2024,Pharmacy,6,205,UPI,Pune
5481,H680,22-02-2024,Lab Test,8,2603,Debit Card,Delhi
5482,H960,26-07-2024,General Consultation,9,1689,Credit Card,Chennai
5483,H179,08-02-2024,Lab Test,9,4056,Cash,Pune
5484,H844,02-05-2024,Lab Test,2,1851,Cash,Mumbai
5485,H967,27-03-2024,General Consultation,5,743,Debit Card,Kolkata
5486,H652,26-01-2024,Lab Test,8,2770,Net Banking,Pune
5487,H132,18-01-2024,General Consultation,6,4103,Credit Card,Chennai
5488,H551,06-02-2024,Dental Care,2,4292,Cash,Pune
5489,H259,04-06-2024,Physiotherapy,6,1068,UPI,Chennai
5490,H435,08-04-2024,Dental Care,8,1608,UPI,Pune
5491,H295,29-05-2024,Health Checkup,8,1647,Cash,Mumbai
5492,H695,05-03-2024,Lab Test,9,2524,UPI,Mumbai
5493,H713,06-06-2024,Health Checkup,2,4943,Credit Card,Bengaluru
5494,H696,27-02-2024,Physiotherapy,5,2878,Credit Card,Delhi
5495,H651,17-03-2024,Lab Test,8,217,Debit Card,Hyderabad
5496,H258,19-03-2024,Health Checkup,10,1774,Credit Card,Kolkata
5497,H925,24-05-2024,Health Checkup,10,2644,Cash,Chennai
5498,H377,02-01-2024,Physiotherapy,1,2742,Credit Card,Bengaluru
5499,H253,26-05-2024,Lab Test,8,4466,Net Banking,Mumbai
5500,H527,05-05-2024,Lab Test,4,713,Net Banking,Hyderabad
5501,H215,11-01-2024,Dental Care,6,3217,Debit Card,Bengaluru
5502,H555,17-04-2024,Dental Care,8,2868,Debit Card,Chennai
5503,H650,11-05-2024,Pharmacy,2,2029,Cash,Delhi
5504,H689,12-03-2024,Lab Test,3,633,UPI,Hyderabad
5505,H237,26-03-2024,Health Checkup,7,2757,UPI,Kolkata
5506,H989,18-08-2024,Pharmacy,1,2313,Credit Card,Pune
5507,H543,16-02-2024,Physiotherapy,3,3174,UPI,Mumbai
5508,H629,15-06-2024,Health Checkup,10,2242,UPI,Kolkata
5509,H825,02-02-2024,Lab Test,8,3793,Debit Card,Mumbai
5510,H706,06-02-2024,Physiotherapy,4,302,Debit Card,Bengaluru
5511,H704,30-08-2024,Lab Test,10,4872,Cash,Kolkata
5512,H562,31-03-2024,General Consultation,6,3597,Net Banking,Bengaluru
5513,H491,04-07-2024,Dental Care,6,2950,UPI,Mumbai
5514,H613,26-07-2024,Health Checkup,8,260,Net Banking,Chennai
5515,H612,06-03-2024,Health Checkup,4,3420,Debit Card,Hyderabad
5516,H243,07-03-2024,Dental Care,2,1797,Debit Card,Chennai
5517,H835,03-02-2024,Lab Test,8,449,Credit Card,Mumbai
5518,H257,04-08-2024,Physiotherapy,10,3980,Net Banking,Kolkata
5519,H498,10-01-2024,Pharmacy,5,1830,Debit Card,Hyderabad
5520,H123,07-02-2024,Physiotherapy,8,544,UPI,Delhi
5521,H130,22-05-2024,General Consultation,5,3787,Debit Card,Bengaluru
5522,H331,17-04-2024,Dental Care,7,1014,Credit Card,Kolkata
5523,H939,08-07-2024,Health Checkup,5,3661,Credit Card,Pune
5524,H372,06-03-2024,Health Checkup,6,1445,UPI,Bengaluru
5525,H187,08-05-2024,Lab Test,7,2230,Debit Card,Chennai
5526,H649,29-02-2024,Dental Care,5,2214,UPI,Delhi
5527,H301,24-04-2024,Pharmacy,5,848,UPI,Kolkata
5528,H736,03-04-2024,Physiotherapy,1,1849,Credit Card,Hyderabad
5529,H367,08-05-2024,Dental Care,2,4471,UPI,Kolkata
5530,H467,04-04-2024,Dental Care,8,419,UPI,Chennai
5531,H398,09-03-2024,Physiotherapy,1,662,UPI,Hyderabad
5532,H378,03-05-2024,Lab Test,10,2651,Cash,Kolkata
5533,H557,30-03-2024,Health Checkup,4,2539,UPI,Hyderabad
5534,H757,24-01-2024,Physiotherapy,3,499,UPI,Hyderabad
5535,H780,01-05-2024,General Consultation,5,2033,Cash,Mumbai
5536,H450,23-08-2024,Physiotherapy,1,317,Credit Card,Hyderabad
5537,H760,15-07-2024,Physiotherapy,5,4183,Net Banking,Bengaluru
5538,H712,26-03-2024,Lab Test,5,1795,Net Banking,Mumbai
5539,H491,16-02-2024,Health Checkup,6,1611,Credit Card,Bengaluru
5540,H700,19-02-2024,General Consultation,6,4608,Net Banking,Pune
5541,H693,20-06-2024,General Consultation,7,3830,Net Banking,Bengaluru
5542,H544,18-05-2024,Pharmacy,3,251,Net Banking,Bengaluru
5543,H879,04-04-2024,Lab Test,4,2239,Debit Card,Chennai
5544,H438,15-01-2024,Pharmacy,9,640,Credit Card,Pune
5545,H837,21-02-2024,Health Checkup,7,2574,UPI,Mumbai
5546,H125,26-01-2024,Dental Care,8,3397,Net Banking,Hyderabad
5547,H269,15-04-2024,Pharmacy,4,2092,Debit Card,Chennai
5548,H515,21-02-2024,Health Checkup,9,3254,UPI,Hyderabad
5549,H493,22-08-2024,General Consultation,1,3705,UPI,Chennai
5550,H781,29-07-2024,Pharmacy,10,2758,Credit Card,Mumbai
5551,H231,13-07-2024,Health Checkup,2,4478,Cash,Bengaluru
5552,H212,29-06-2024,General Consultation,8,635,Cash,Pune
5553,H725,15-07-2024,Health Checkup,9,4761,Cash,Mumbai
5554,H634,03-02-2024,Health Checkup,10,4846,UPI,Kolkata
5555,H482,04-05-2024,Physiotherapy,8,1262,Credit Card,Pune
5556,H137,14-08-2024,Pharmacy,7,872,UPI,Pune
5557,H687,22-03-2024,Physiotherapy,1,1232,Debit Card,Pune
5558,H820,02-07-2024,Lab Test,6,1691,Debit Card,Mumbai
5559,H163,12-04-2024,Physiotherapy,1,1952,Debit Card,Bengaluru
5560,H764,18-01-2024,Health Checkup,1,3547,Credit Card,Hyderabad
5561,H618,20-05-2024,General Consultation,5,2178,Debit Card,Hyderabad
5562,H535,13-08-2024,General Consultation,1,2710,Debit Card,Pune
5563,H182,16-01-2024,Health Checkup,3,3012,UPI,Hyderabad
5564,H884,14-05-2024,Dental Care,10,4819,UPI,Bengaluru
5565,H494,19-02-2024,Physiotherapy,4,1103,Credit Card,Mumbai
5566,H776,26-05-2024,Dental Care,1,4516,Cash,Mumbai
5567,H646,03-06-2024,Pharmacy,8,1526,Debit Card,Pune
5568,H192,09-03-2024,Pharmacy,3,2755,Cash,Kolkata
5569,H817,10-03-2024,Dental Care,3,1579,Cash,Kolkata
5570,H830,29-01-2024,Lab Test,4,1034,Credit Card,Bengaluru
5571,H760,08-08-2024,Lab Test,1,3623,UPI,Kolkata
5572,H108,08-05-2024,General Consultation,4,3258,Debit Card,Delhi
5573,H678,26-07-2024,Lab Test,4,1666,Cash,Kolkata
5574,H212,18-06-2024,Dental Care,7,900,Net Banking,Chennai
5575,H476,16-07-2024,Dental Care,5,4760,Net Banking,Pune
5576,H737,10-06-2024,Physiotherapy,3,3113,Debit Card,Kolkata
5577,H193,27-06-2024,Health Checkup,10,1190,Debit Card,Kolkata
5578,H919,20-08-2024,Pharmacy,2,1153,Debit Card,Bengaluru
5579,H748,02-08-2024,Pharmacy,5,3697,UPI,Mumbai
5580,H383,30-03-2024,Physiotherapy,6,845,Debit Card,Delhi
5581,H372,06-01-2024,Pharmacy,8,2819,Cash,Pune
5582,H853,19-03-2024,Pharmacy,8,3804,Credit Card,Bengaluru
5583,H174,27-05-2024,General Consultation,6,3489,UPI,Kolkata
5584,H190,27-08-2024,Pharmacy,3,379,Debit Card,Chennai
5585,H555,08-04-2024,General Consultation,1,4373,Credit Card,Pune
5586,H872,19-08-2024,Pharmacy,9,4102,UPI,Hyderabad
5587,H403,20-05-2024,Health Checkup,2,908,Cash,Mumbai
5588,H374,10-06-2024,Dental Care,7,3157,Cash,Chennai
5589,H517,21-03-2024,Lab Test,4,4141,UPI,Kolkata
5590,H811,13-03-2024,General Consultation,4,3081,Net Banking,Pune
5591,H631,02-05-2024,Pharmacy,3,843,UPI,Hyderabad
5592,H545,12-01-2024,Lab Test,9,2354,UPI,Delhi
5593,H919,27-06-2024,Physiotherapy,9,792,Net Banking,Pune
5594,H363,13-08-2024,Physiotherapy,10,772,Credit Card,Bengaluru
5595,H210,29-03-2024,Dental Care,10,428,Net Banking,Hyderabad
5596,H205,16-02-2024,Dental Care,2,3659,Cash,Delhi
5597,H295,28-08-2024,Pharmacy,7,3093,UPI,Mumbai
5598,H662,19-02-2024,Physiotherapy,8,3527,Net Banking,Kolkata
5599,H936,08-04-2024,Pharmacy,1,839,UPI,Pune
5600,H159,16-01-2024,General Consultation,4,1726,Net Banking,Chennai
5601,H489,10-03-2024,Health Checkup,1,553,Cash,Hyderabad
5602,H109,03-06-2024,Dental Care,1,1402,Cash,Chennai
5603,H502,30-03-2024,General Consultation,3,2815,Cash,Kolkata
5604,H768,26-06-2024,General Consultation,6,1005,Debit Card,Mumbai
5605,H835,17-05-2024,Dental Care,10,1081,UPI,Bengaluru
5606,H449,01-07-2024,Physiotherapy,3,4754,UPI,Mumbai
5607,H572,22-05-2024,Physiotherapy,1,3023,UPI,Chennai
5608,H790,30-08-2024,General Consultation,10,217,Net Banking,Chennai
5609,H527,12-06-2024,General Consultation,6,3514,UPI,Chennai
5610,H771,14-08-2024,Dental Care,4,3750,Credit Card,Chennai
5611,H216,18-07-2024,Lab Test,2,3995,Credit Card,Chennai
5612,H562,30-01-2024,Health Checkup,6,4027,Credit Card,Kolkata
5613,H314,26-01-2024,Pharmacy,4,3330,Credit Card,Delhi
5614,H267,28-03-2024,Pharmacy,3,1363,Credit Card,Mumbai
5615,H739,27-07-2024,Physiotherapy,5,453,UPI,Chennai
5616,H638,13-05-2024,Health Checkup,6,4849,UPI,Mumbai
5617,H622,11-01-2024,Pharmacy,1,3747,Cash,Mumbai
5618,H636,11-05-2024,Pharmacy,5,4569,Cash,Pune
5619,H867,11-04-2024,General Consultation,9,1363,Cash,Delhi
5620,H377,25-02-2024,Dental Care,1,2367,Cash,Bengaluru
5621,H535,22-04-2024,Dental Care,9,2069,Net Banking,Kolkata
5622,H463,20-05-2024,Dental Care,10,3487,Cash,Chennai
5623,H981,04-03-2024,Pharmacy,3,4507,UPI,Delhi
5624,H536,16-02-2024,General Consultation,8,2534,Cash,Kolkata
5625,H238,22-08-2024,Health Checkup,4,755,Debit Card,Delhi
5626,H240,13-07-2024,Physiotherapy,9,2346,Cash,Bengaluru
5627,H555,20-08-2024,Pharmacy,3,950,UPI,Hyderabad
5628,H502,02-03-2024,Pharmacy,3,1369,Cash,Chennai
5629,H908,23-04-2024,General Consultation,4,3709,Net Banking,Chennai
5630,H991,23-05-2024,Lab Test,4,3061,Cash,Chennai
5631,H906,09-07-2024,General Consultation,4,2849,Net Banking,Delhi
5632,H873,18-03-2024,Health Checkup,9,2248,UPI,Pune
5633,H189,16-05-2024,Dental Care,1,325,Net Banking,Mumbai
5634,H579,23-02-2024,Physiotherapy,2,4049,Debit Card,Bengaluru
5635,H289,04-04-2024,Health Checkup,3,2450,Debit Card,Hyderabad
5636,H680,11-05-2024,Lab Test,8,4764,Cash,Delhi
5637,H573,12-04-2024,Health Checkup,10,4290,UPI,Bengaluru
5638,H123,19-07-2024,Health Checkup,10,4627,UPI,Pune
5639,H571,24-08-2024,Dental Care,3,2852,UPI,Bengaluru
5640,H762,17-08-2024,Physiotherapy,1,1732,Net Banking,Delhi
5641,H868,11-08-2024,Pharmacy,4,4139,Cash,Chennai
5642,H839,23-07-2024,General Consultation,4,4472,Net Banking,Hyderabad
5643,H634,25-04-2024,Lab Test,7,1367,Cash,Mumbai
5644,H120,10-08-2024,Lab Test,3,1788,Cash,Chennai
5645,H397,25-02-2024,General Consultation,8,4455,Cash,Bengaluru
5646,H355,30-05-2024,Lab Test,8,4868,UPI,Hyderabad
5647,H373,17-07-2024,Health Checkup,2,1323,Debit Card,Hyderabad
5648,H236,16-07-2024,Pharmacy,8,1306,Credit Card,Delhi
5649,H559,18-08-2024,Physiotherapy,5,1466,Net Banking,Pune
5650,H471,22-06-2024,Lab Test,1,3209,Debit Card,Bengaluru
5651,H507,25-02-2024,Health Checkup,4,618,Cash,Hyderabad
5652,H109,26-03-2024,Pharmacy,5,2499,Net Banking,Bengaluru
5653,H299,11-01-2024,Dental Care,1,1211,UPI,Kolkata
5654,H561,25-04-2024,Pharmacy,6,2491,Cash,Kolkata
5655,H392,16-06-2024,Physiotherapy,3,3942,Net Banking,Delhi
5656,H703,09-03-2024,Pharmacy,9,1560,Debit Card,Mumbai
5657,H387,03-07-2024,General Consultation,2,4382,UPI,Chennai
5658,H472,09-03-2024,Health Checkup,4,4245,Cash,Chennai
5659,H150,04-07-2024,General Consultation,1,3550,Debit Card,Hyderabad
5660,H344,14-06-2024,Pharmacy,7,4724,Debit Card,Hyderabad
5661,H220,01-03-2024,General Consultation,6,4845,Net Banking,Delhi
5662,H415,23-07-2024,Pharmacy,7,3697,Cash,Pune
5663,H357,07-08-2024,Physiotherapy,3,4418,Net Banking,Pune
5664,H110,11-08-2024,Health Checkup,2,2764,UPI,Bengaluru
5665,H861,24-06-2024,Dental Care,3,4112,Credit Card,Mumbai
5666,H184,23-01-2024,Pharmacy,8,3744,Net Banking,Kolkata
5667,H272,11-04-2024,General Consultation,6,416,Credit Card,Delhi
5668,H306,10-04-2024,General Consultation,8,3174,Cash,Hyderabad
5669,H713,21-01-2024,Physiotherapy,10,1845,Credit Card,Mumbai
5670,H279,10-02-2024,Pharmacy,9,1698,Net Banking,Bengaluru
5671,H894,08-07-2024,Health Checkup,3,2613,Credit Card,Delhi
5672,H808,29-08-2024,Pharmacy,4,1795,UPI,Bengaluru
5673,H545,22-02-2024,General Consultation,9,2926,Debit Card,Kolkata
5674,H789,07-05-2024,Health Checkup,3,3508,Credit Card,Kolkata
5675,H235,18-05-2024,General Consultation,4,1443,Debit Card,Mumbai
5676,H531,11-01-2024,Pharmacy,7,1868,Net Banking,Mumbai
5677,H882,23-04-2024,Health Checkup,7,834,UPI,Mumbai
5678,H581,19-02-2024,Physiotherapy,6,3687,UPI,Hyderabad
5679,H542,10-02-2024,General Consultation,2,1705,Cash,Mumbai
5680,H501,22-01-2024,General Consultation,3,2755,Cash,Kolkata
5681,H603,22-03-2024,Health Checkup,3,2080,Debit Card,Mumbai
5682,H423,23-01-2024,Health Checkup,3,2762,Credit Card,Chennai
5683,H366,27-04-2024,Lab Test,5,558,UPI,Hyderabad
5684,H618,29-05-2024,Pharmacy,4,1054,Debit Card,Bengaluru
5685,H570,12-06-2024,Lab Test,10,2870,Cash,Bengaluru
5686,H428,30-08-2024,Pharmacy,5,2094,Cash,Delhi
5687,H380,22-08-2024,Dental Care,6,915,UPI,Chennai
5688,H780,19-03-2024,Dental Care,2,562,Cash,Delhi
5689,H451,27-06-2024,General Consultation,8,4657,Cash,Chennai
5690,H557,23-02-2024,Physiotherapy,7,4084,Net Banking,Mumbai
5691,H620,09-08-2024,Dental Care,1,4011,Debit Card,Bengaluru
5692,H906,27-03-2024,Physiotherapy,5,1152,Cash,Mumbai
5693,H118,10-08-2024,Health Checkup,9,2303,UPI,Mumbai
5694,H733,12-07-2024,Health Checkup,2,3625,Net Banking,Delhi
5695,H174,04-01-2024,Lab Test,3,3056,Net Banking,Pune
5696,H222,15-08-2024,General Consultation,7,1576,UPI,Mumbai
5697,H866,03-08-2024,Health Checkup,9,877,UPI,Pune
5698,H533,17-06-2024,Health Checkup,8,3451,Credit Card,Bengaluru
5699,H304,31-01-2024,General Consultation,9,3017,Credit Card,Pune
5700,H947,05-06-2024,Pharmacy,5,3068,Cash,Mumbai
5701,H574,13-04-2024,Health Checkup,6,4740,Cash,Mumbai
5702,H648,20-02-2024,Dental Care,4,2826,Cash,Bengaluru
5703,H560,28-04-2024,Pharmacy,5,1053,UPI,Pune
5704,H872,11-05-2024,Pharmacy,1,1462,UPI,Kolkata
5705,H318,17-08-2024,Health Checkup,10,3982,UPI,Pune
5706,H276,25-08-2024,Dental Care,4,2736,Net Banking,Mumbai
5707,H338,03-05-2024,General Consultation,2,1761,Debit Card,Pune
5708,H584,09-04-2024,General Consultation,2,1773,UPI,Pune
5709,H309,13-03-2024,Pharmacy,9,1694,Cash,Mumbai
5710,H987,25-06-2024,Pharmacy,5,791,Credit Card,Delhi
5711,H272,30-01-2024,Dental Care,1,1759,Net Banking,Kolkata
5712,H245,07-04-2024,General Consultation,6,4216,Debit Card,Pune
5713,H184,12-07-2024,Dental Care,4,4164,Credit Card,Kolkata
5714,H765,10-01-2024,Health Checkup,8,1458,Net Banking,Hyderabad
5715,H989,30-08-2024,Lab Test,6,699,Cash,Chennai
5716,H646,22-06-2024,Health Checkup,2,4587,Credit Card,Mumbai
5717,H579,11-06-2024,Physiotherapy,1,2139,Debit Card,Bengaluru
5718,H900,11-06-2024,General Consultation,6,1487,UPI,Bengaluru
5719,H718,17-03-2024,Pharmacy,3,2039,UPI,Chennai
5720,H971,11-01-2024,General Consultation,7,4673,Net Banking,Hyderabad
5721,H682,21-01-2024,Pharmacy,1,2036,Net Banking,Chennai
5722,H577,03-01-2024,Physiotherapy,8,2550,Cash,Delhi
5723,H695,08-01-2024,Lab Test,9,1783,Cash,Bengaluru
5724,H716,18-05-2024,Physiotherapy,8,3654,Cash,Hyderabad
5725,H414,07-04-2024,Dental Care,8,1433,Cash,Delhi
5726,H636,19-05-2024,General Consultation,2,3606,Net Banking,Bengaluru
5727,H239,23-03-2024,Pharmacy,6,2651,Debit Card,Pune
5728,H250,13-02-2024,Dental Care,8,4003,Debit Card,Chennai
5729,H587,10-05-2024,Pharmacy,4,4958,Debit Card,Pune
5730,H515,08-01-2024,General Consultation,10,3834,Credit Card,Chennai
5731,H769,05-03-2024,Pharmacy,3,4658,Net Banking,Pune
5732,H175,18-03-2024,Dental Care,9,1074,Cash,Mumbai
5733,H500,14-06-2024,General Consultation,10,2865,Cash,Chennai
5734,H534,31-01-2024,General Consultation,7,4131,Net Banking,Delhi
5735,H717,03-08-2024,Health Checkup,2,3624,Cash,Chennai
5736,H206,26-05-2024,Physiotherapy,6,504,Debit Card,Pune
5737,H265,08-08-2024,Lab Test,3,1224,UPI,Hyderabad
5738,H336,21-05-2024,Lab Test,7,203,Credit Card,Bengaluru
5739,H327,27-05-2024,Pharmacy,5,746,Net Banking,Pune
5740,H606,13-07-2024,Pharmacy,7,2045,Net Banking,Kolkata
5741,H909,13-06-2024,Dental Care,3,3974,Net Banking,Delhi
5742,H907,30-01-2024,Dental Care,7,4484,Debit Card,Chennai
5743,H311,14-03-2024,Health Checkup,1,2152,Cash,Delhi
5744,H288,12-06-2024,Health Checkup,1,781,Net Banking,Delhi
5745,H884,19-05-2024,Physiotherapy,6,3534,Net Banking,Chennai
5746,H593,19-03-2024,Physiotherapy,3,252,Debit Card,Kolkata
5747,H472,28-05-2024,Dental Care,1,3955,Credit Card,Hyderabad
5748,H678,30-08-2024,Physiotherapy,1,3422,Net Banking,Chennai
5749,H692,02-08-2024,General Consultation,9,4080,Cash,Hyderabad
5750,H578,03-01-2024,Dental Care,8,3592,UPI,Bengaluru
5751,H561,01-07-2024,Pharmacy,8,2941,Credit Card,Pune
5752,H996,18-03-2024,Health Checkup,9,3487,Credit Card,Hyderabad
5753,H800,17-07-2024,Pharmacy,7,2872,Credit Card,Kolkata
5754,H697,03-06-2024,Lab Test,2,4568,Credit Card,Pune
5755,H322,02-02-2024,General Consultation,7,742,Debit Card,Pune
5756,H434,15-07-2024,Health Checkup,10,1252,UPI,Bengaluru
5757,H898,17-05-2024,Pharmacy,1,3100,Net Banking,Hyderabad
5758,H369,23-02-2024,Physiotherapy,7,2248,Cash,Pune
5759,H645,30-07-2024,Lab Test,6,4501,Debit Card,Pune
5760,H553,18-04-2024,General Consultation,10,3145,UPI,Chennai
5761,H317,11-08-2024,General Consultation,3,2800,Debit Card,Chennai
5762,H909,28-01-2024,Pharmacy,9,4694,Cash,Chennai
5763,H899,08-03-2024,Pharmacy,2,4205,Debit Card,Kolkata
5764,H477,27-04-2024,Pharmacy,2,1219,Cash,Delhi
5765,H387,23-07-2024,Pharmacy,10,1349,Cash,Mumbai
5766,H666,04-01-2024,Physiotherapy,8,857,Credit Card,Pune
5767,H511,12-01-2024,Health Checkup,10,3717,Cash,Kolkata
5768,H960,31-08-2024,Pharmacy,6,603,Net Banking,Delhi
5769,H811,18-08-2024,Health Checkup,5,4997,Debit Card,Mumbai
5770,H202,28-08-2024,Lab Test,2,3703,Net Banking,Kolkata
5771,H477,08-06-2024,Dental Care,2,3459,UPI,Hyderabad
5772,H272,15-07-2024,Physiotherapy,4,698,Credit Card,Hyderabad
5773,H359,14-08-2024,Dental Care,3,868,Credit Card,Hyderabad
5774,H584,10-01-2024,Dental Care,8,3643,UPI,Pune
5775,H661,13-06-2024,General Consultation,4,2764,UPI,Pune
5776,H255,03-02-2024,Health Checkup,6,4154,Cash,Pune
5777,H560,26-01-2024,Pharmacy,4,3476,Cash,Pune
5778,H224,14-03-2024,Dental Care,2,3146,Cash,Bengaluru
5779,H898,09-06-2024,Pharmacy,7,257,Debit Card,Hyderabad
5780,H165,22-07-2024,Health Checkup,10,2054,Cash,Delhi
5781,H442,17-02-2024,Physiotherapy,2,2407,Net Banking,Bengaluru
5782,H339,05-03-2024,Health Checkup,9,4817,UPI,Chennai
5783,H897,02-08-2024,Pharmacy,6,1282,Debit Card,Pune
5784,H936,23-04-2024,Health Checkup,3,3427,UPI,Chennai
5785,H126,31-01-2024,Lab Test,5,977,UPI,Delhi
5786,H776,16-02-2024,Pharmacy,1,1205,Net Banking,Chennai
5787,H889,18-05-2024,Dental Care,6,2694,Credit Card,Mumbai
5788,H675,18-05-2024,Physiotherapy,7,2989,UPI,Mumbai
5789,H294,27-07-2024,Health Checkup,8,4423,Credit Card,Delhi
5790,H410,30-07-2024,Health Checkup,4,2596,Cash,Kolkata
5791,H603,16-06-2024,General Consultation,1,592,Cash,Mumbai
5792,H273,04-06-2024,Physiotherapy,5,4438,Debit Card,Delhi
5793,H521,20-01-2024,Dental Care,6,4999,Debit Card,Hyderabad
5794,H110,21-02-2024,Pharmacy,3,4826,Cash,Kolkata
5795,H945,17-01-2024,Lab Test,6,650,UPI,Pune
5796,H370,01-06-2024,Physiotherapy,2,2446,Net Banking,Hyderabad
5797,H149,15-08-2024,General Consultation,8,975,Credit Card,Bengaluru
5798,H199,10-03-2024,Pharmacy,4,1581,Debit Card,Bengaluru
5799,H142,29-07-2024,General Consultation,8,2476,Debit Card,Delhi
5800,H273,29-02-2024,Pharmacy,3,3778,Cash,Chennai
5801,H431,03-01-2024,Lab Test,3,4413,Credit Card,Mumbai
5802,H881,13-04-2024,Physiotherapy,5,904,Cash,Hyderabad
5803,H800,03-05-2024,Lab Test,7,2563,Debit Card,Chennai
5804,H534,19-04-2024,General Consultation,8,3796,Debit Card,Mumbai
5805,H242,01-08-2024,General Consultation,1,2589,Net Banking,Pune
5806,H215,31-05-2024,General Consultation,10,4539,UPI,Mumbai
5807,H682,15-07-2024,Physiotherapy,3,4939,Credit Card,Hyderabad
5808,H971,24-01-2024,Physiotherapy,6,724,UPI,Kolkata
5809,H364,07-01-2024,Physiotherapy,5,4629,Credit Card,Bengaluru
5810,H873,26-07-2024,Lab Test,7,3770,Cash,Pune
5811,H482,21-01-2024,Physiotherapy,1,2733,Debit Card,Bengaluru
5812,H795,04-03-2024,Lab Test,1,1016,Cash,Bengaluru
5813,H999,30-01-2024,Health Checkup,8,2096,Net Banking,Delhi
5814,H693,23-04-2024,Health Checkup,7,3886,Credit Card,Kolkata
5815,H245,11-03-2024,Lab Test,3,2377,Debit Card,Delhi
5816,H204,07-05-2024,Lab Test,3,824,Cash,Bengaluru
5817,H231,09-08-2024,Physiotherapy,10,1022,UPI,Hyderabad
5818,H693,24-04-2024,Health Checkup,3,2659,UPI,Mumbai
5819,H160,17-07-2024,Health Checkup,4,1400,UPI,Hyderabad
5820,H402,09-08-2024,Pharmacy,3,1496,Credit Card,Pune
5821,H459,30-07-2024,General Consultation,2,4633,Net Banking,Mumbai
5822,H969,14-07-2024,Health Checkup,2,2101,Credit Card,Chennai
5823,H994,20-08-2024,Pharmacy,9,3707,Credit Card,Hyderabad
5824,H582,12-04-2024,General Consultation,6,472,Cash,Kolkata
5825,H255,03-02-2024,Pharmacy,4,1206,Credit Card,Pune
5826,H784,13-08-2024,Pharmacy,9,1639,UPI,Hyderabad
5827,H240,03-01-2024,Lab Test,4,1478,Cash,Hyderabad
5828,H666,09-03-2024,Dental Care,7,2361,Net Banking,Chennai
5829,H358,04-06-2024,General Consultation,2,3383,Debit Card,Delhi
5830,H467,25-08-2024,Lab Test,2,4607,UPI,Pune
5831,H750,22-06-2024,General Consultation,3,4665,Credit Card,Hyderabad
5832,H692,25-03-2024,Lab Test,10,4252,Cash,Pune
5833,H743,24-07-2024,Lab Test,8,3223,UPI,Chennai
5834,H359,31-07-2024,General Consultation,5,3017,UPI,Chennai
5835,H171,18-05-2024,Lab Test,5,1684,Debit Card,Bengaluru
5836,H112,20-02-2024,Pharmacy,1,797,Credit Card,Hyderabad
5837,H115,03-01-2024,General Consultation,8,551,Debit Card,Bengaluru
5838,H495,20-02-2024,Lab Test,6,2886,Credit Card,Kolkata
5839,H974,26-06-2024,Lab Test,8,3753,UPI,Pune
5840,H138,22-08-2024,General Consultation,4,728,Debit Card,Pune
5841,H627,28-03-2024,Lab Test,8,3883,UPI,Chennai
5842,H172,06-06-2024,Physiotherapy,9,2399,Debit Card,Kolkata
5843,H714,06-07-2024,Health Checkup,6,3999,Cash,Bengaluru
5844,H675,12-02-2024,General Consultation,9,2039,Credit Card,Kolkata
5845,H637,07-04-2024,Dental Care,2,3267,UPI,Mumbai
5846,H476,03-03-2024,Dental Care,1,3625,Credit Card,Mumbai
5847,H216,30-07-2024,Pharmacy,9,4743,Net Banking,Mumbai
5848,H835,03-02-2024,Physiotherapy,3,2792,Credit Card,Hyderabad
5849,H830,30-04-2024,Physiotherapy,4,835,Cash,Mumbai
5850,H275,11-06-2024,General Consultation,7,3677,Credit Card,Delhi
5851,H546,07-05-2024,General Consultation,6,2387,Debit Card,Mumbai
5852,H222,03-07-2024,Physiotherapy,1,970,UPI,Hyderabad
5853,H430,22-08-2024,Dental Care,5,2459,UPI,Mumbai
5854,H661,06-06-2024,Lab Test,6,1139,Credit Card,Kolkata
5855,H822,05-04-2024,Dental Care,6,561,Cash,Kolkata
5856,H409,21-05-2024,General Consultation,3,3300,Debit Card,Mumbai
5857,H264,14-08-2024,Pharmacy,5,1869,Cash,Pune
5858,H668,20-07-2024,Dental Care,4,4922,Net Banking,Bengaluru
5859,H458,06-05-2024,Pharmacy,3,3915,UPI,Pune
5860,H410,30-08-2024,Health Checkup,7,3751,Debit Card,Bengaluru
5861,H978,10-05-2024,Lab Test,9,505,Debit Card,Pune
5862,H136,06-04-2024,Lab Test,4,4871,UPI,Mumbai
5863,H424,06-01-2024,General Consultation,4,1958,Cash,Chennai
5864,H448,26-02-2024,Physiotherapy,10,3267,UPI,Hyderabad
5865,H818,12-06-2024,Health Checkup,2,1560,UPI,Hyderabad
5866,H827,16-03-2024,Pharmacy,4,2741,Cash,Chennai
5867,H842,15-01-2024,General Consultation,2,4395,Net Banking,Hyderabad
5868,H931,01-03-2024,Pharmacy,2,3304,Net Banking,Kolkata
5869,H981,26-06-2024,General Consultation,2,4650,Debit Card,Kolkata
5870,H264,27-02-2024,Health Checkup,9,398,Cash,Bengaluru
5871,H984,18-02-2024,General Consultation,7,2067,Credit Card,Bengaluru
5872,H392,10-06-2024,Pharmacy,3,348,UPI,Kolkata
5873,H368,12-07-2024,Pharmacy,3,514,Net Banking,Bengaluru
5874,H981,06-05-2024,Health Checkup,10,4162,UPI,Mumbai
5875,H326,03-02-2024,Pharmacy,7,3048,UPI,Hyderabad
5876,H455,15-01-2024,Health Checkup,5,1478,UPI,Delhi
5877,H308,16-07-2024,Lab Test,4,2259,Net Banking,Delhi
5878,H281,11-08-2024,Dental Care,4,1952,Credit Card,Pune
5879,H811,06-04-2024,Physiotherapy,7,4486,Debit Card,Pune
5880,H186,27-02-2024,Lab Test,7,740,Net Banking,Kolkata
5881,H261,25-06-2024,Lab Test,5,302,Net Banking,Chennai
5882,H940,09-01-2024,Physiotherapy,2,1551,Cash,Delhi
5883,H229,18-04-2024,General Consultation,3,3052,Credit Card,Bengaluru
5884,H261,24-08-2024,Pharmacy,9,2084,Cash,Mumbai
5885,H603,27-02-2024,Health Checkup,7,3584,UPI,Bengaluru
5886,H975,06-04-2024,Dental Care,5,1638,Net Banking,Pune
5887,H894,13-07-2024,Lab Test,10,3877,Net Banking,Delhi
5888,H137,19-06-2024,Pharmacy,5,407,Credit Card,Bengaluru
5889,H600,13-04-2024,Lab Test,8,2258,UPI,Mumbai
5890,H778,28-02-2024,General Consultation,9,1859,Debit Card,Bengaluru
5891,H237,14-02-2024,Lab Test,10,4998,Net Banking,Kolkata
5892,H467,15-03-2024,Health Checkup,3,1308,Debit Card,Kolkata
5893,H785,20-01-2024,Dental Care,2,3956,Debit Card,Kolkata
5894,H316,11-03-2024,General Consultation,10,2814,UPI,Kolkata
5895,H664,04-03-2024,General Consultation,7,2257,Credit Card,Delhi
5896,H522,19-01-2024,Lab Test,2,989,Credit Card,Kolkata
5897,H779,19-04-2024,General Consultation,8,4556,Net Banking,Pune
5898,H741,09-08-2024,Pharmacy,8,788,UPI,Hyderabad
5899,H194,24-03-2024,Health Checkup,10,3597,Debit Card,Delhi
5900,H980,20-04-2024,General Consultation,8,4741,Cash,Hyderabad
5901,H587,03-03-2024,General Consultation,8,373,Debit Card,Delhi
5902,H309,05-08-2024,Health Checkup,2,1668,Credit Card,Chennai
5903,H253,04-03-2024,General Consultation,4,3383,Debit Card,Pune
5904,H529,01-09-2024,Health Checkup,3,4905,UPI,Pune
5905,H717,23-06-2024,Dental Care,1,4221,Debit Card,Bengaluru
5906,H766,19-06-2024,Lab Test,3,3063,Net Banking,Chennai
5907,H770,08-01-2024,General Consultation,2,4974,Cash,Delhi
5908,H522,14-08-2024,General Consultation,5,1749,UPI,Delhi
5909,H113,18-05-2024,General Consultation,1,752,UPI,Bengaluru
5910,H662,31-07-2024,Dental Care,3,2646,Net Banking,Bengaluru
5911,H357,26-06-2024,Health Checkup,5,2064,UPI,Hyderabad
5912,H278,09-03-2024,Pharmacy,4,2451,Cash,Bengaluru
5913,H980,17-07-2024,Lab Test,4,205,Credit Card,Mumbai
5914,H168,29-06-2024,Lab Test,4,1405,Debit Card,Bengaluru
5915,H225,25-04-2024,Physiotherapy,10,3880,Net Banking,Bengaluru
5916,H942,01-04-2024,Physiotherapy,8,3034,Cash,Hyderabad
5917,H497,15-08-2024,Lab Test,2,3879,Cash,Kolkata
5918,H170,10-06-2024,Dental Care,5,2332,Credit Card,Kolkata
5919,H890,15-06-2024,Health Checkup,8,4408,Debit Card,Hyderabad
5920,H327,12-08-2024,Dental Care,8,2692,UPI,Kolkata
5921,H175,20-01-2024,Dental Care,6,2702,Cash,Mumbai
5922,H689,04-07-2024,General Consultation,8,4506,Credit Card,Mumbai
5923,H552,06-08-2024,General Consultation,1,2056,Net Banking,Mumbai
5924,H518,20-04-2024,Lab Test,9,2740,Cash,Bengaluru
5925,H839,17-01-2024,Lab Test,10,4375,Cash,Delhi
5926,H658,08-05-2024,Physiotherapy,6,2264,Cash,Pune
5927,H585,24-08-2024,Health Checkup,1,3427,Debit Card,Bengaluru
5928,H480,12-04-2024,General Consultation,7,2728,Debit Card,Mumbai
5929,H254,07-03-2024,Dental Care,2,4718,Net Banking,Mumbai
5930,H755,06-01-2024,Health Checkup,4,4870,Credit Card,Bengaluru
5931,H663,10-08-2024,Health Checkup,7,953,Debit Card,Pune
5932,H145,22-06-2024,Pharmacy,6,3402,Credit Card,Hyderabad
5933,H547,26-05-2024,Lab Test,5,1856,Credit Card,Mumbai
5934,H319,07-03-2024,General Consultation,9,3794,Debit Card,Pune
5935,H968,28-03-2024,Health Checkup,10,390,Cash,Pune
5936,H995,22-07-2024,Physiotherapy,1,1269,Cash,Mumbai
5937,H344,14-01-2024,Pharmacy,7,1416,Net Banking,Pune
5938,H171,17-01-2024,Physiotherapy,9,488,Credit Card,Kolkata
5939,H509,17-05-2024,Dental Care,2,4213,Net Banking,Delhi
5940,H960,12-04-2024,Pharmacy,2,1172,Cash,Pune
5941,H141,09-02-2024,General Consultation,6,2709,UPI,Kolkata
5942,H807,16-01-2024,Health Checkup,4,4098,Net Banking,Mumbai
5943,H615,24-06-2024,Physiotherapy,8,1931,Debit Card,Hyderabad
5944,H594,07-07-2024,Health Checkup,2,4348,Debit Card,Kolkata
5945,H708,12-01-2024,Health Checkup,3,4723,Net Banking,Mumbai
5946,H464,14-07-2024,Pharmacy,6,3255,Debit Card,Delhi
5947,H936,27-05-2024,Physiotherapy,10,1794,Net Banking,Pune
5948,H661,01-06-2024,Pharmacy,5,2636,Debit Card,Kolkata
5949,H963,03-03-2024,Lab Test,8,3347,UPI,Delhi
5950,H832,16-06-2024,Dental Care,1,4495,Debit Card,Pune
5951,H942,25-07-2024,Dental Care,10,4592,UPI,Bengaluru
5952,H855,18-08-2024,Pharmacy,4,663,Debit Card,Delhi
5953,H541,03-06-2024,Dental Care,7,1608,Debit Card,Kolkata
5954,H402,21-04-2024,Physiotherapy,3,4721,UPI,Pune
5955,H807,06-02-2024,Dental Care,4,616,Net Banking,Mumbai
5956,H855,07-06-2024,Dental Care,5,1163,Cash,Kolkata
5957,H358,02-01-2024,Health Checkup,8,3238,UPI,Hyderabad
5958,H337,23-06-2024,Dental Care,10,1588,Credit Card,Chennai
5959,H127,25-02-2024,Pharmacy,10,665,Credit Card,Mumbai
5960,H362,09-04-2024,Dental Care,1,3269,UPI,Kolkata
5961,H775,02-01-2024,Dental Care,4,3654,Net Banking,Bengaluru
5962,H551,18-03-2024,Lab Test,1,3835,Credit Card,Hyderabad
5963,H497,25-03-2024,Physiotherapy,3,785,Net Banking,Kolkata
5964,H654,02-08-2024,Pharmacy,4,2702,Cash,Chennai
5965,H662,19-03-2024,General Consultation,3,4989,Credit Card,Kolkata
5966,H315,12-04-2024,General Consultation,7,3920,UPI,Delhi
5967,H311,09-04-2024,General Consultation,7,432,Credit Card,Pune
5968,H645,25-08-2024,General Consultation,2,2886,Credit Card,Delhi
5969,H652,17-06-2024,Health Checkup,1,3789,Net Banking,Pune
5970,H932,29-01-2024,Health Checkup,8,328,UPI,Mumbai
5971,H121,26-04-2024,General Consultation,1,493,Cash,Chennai
5972,H929,18-08-2024,Physiotherapy,5,2039,Debit Card,Bengaluru
5973,H971,26-07-2024,Pharmacy,3,3489,Debit Card,Chennai
5974,H310,03-07-2024,Dental Care,6,4596,Net Banking,Chennai
5975,H802,09-02-2024,Lab Test,5,1369,Credit Card,Chennai
5976,H352,24-04-2024,Dental Care,2,4575,Net Banking,Mumbai
5977,H563,02-06-2024,Health Checkup,2,3827,Cash,Pune
5978,H258,26-03-2024,Dental Care,4,1749,UPI,Chennai
5979,H284,13-01-2024,Lab Test,7,3383,Cash,Bengaluru
5980,H899,20-08-2024,Physiotherapy,4,4325,Net Banking,Chennai
5981,H867,27-06-2024,Health Checkup,6,718,Net Banking,Delhi
5982,H958,27-08-2024,Lab Test,2,3725,Debit Card,Delhi
5983,H285,20-01-2024,Lab Test,8,3335,Credit Card,Kolkata
5984,H260,17-07-2024,Pharmacy,6,3080,Debit Card,Mumbai
5985,H254,11-03-2024,Pharmacy,8,4336,Debit Card,Chennai
5986,H237,10-05-2024,General Consultation,9,3317,Debit Card,Kolkata
5987,H811,17-02-2024,Pharmacy,6,3754,Debit Card,Chennai
5988,H804,07-01-2024,Physiotherapy,5,2564,Cash,Delhi
5989,H968,24-01-2024,Dental Care,10,1749,Credit Card,Mumbai
5990,H712,14-02-2024,Dental Care,7,2294,Net Banking,Bengaluru
5991,H855,30-06-2024,Pharmacy,6,4977,Net Banking,Kolkata
5992,H984,15-05-2024,Physiotherapy,6,1475,Credit Card,Mumbai
5993,H959,10-07-2024,Physiotherapy,10,727,Credit Card,Pune
5994,H801,31-01-2024,Lab Test,6,207,Net Banking,Chennai
5995,H773,28-01-2024,Health Checkup,7,1767,Cash,Pune
5996,H808,31-01-2024,Dental Care,2,442,Cash,Pune
5997,H132,14-05-2024,Lab Test,4,3298,Net Banking,Pune
5998,H124,02-05-2024,Dental Care,3,2982,Cash,Mumbai
5999,H957,16-02-2024,Physiotherapy,10,1775,Cash,Mumbai
6000,H965,29-01-2024,General Consultation,8,1074,Cash,Hyderabad